person_id,village,street
P0001,Village A,Street 1
P0002,Village A,Street 1
P0003,Village A,Street 1
P0004,Village A,Street 1
P0005,Village A,Street 1
P0006,Village A,Street 1
P0007,Village A,Street 1
P0008,Village A,Street 1
P0009,Village A,Street 1
P0010,Village A,Street 1
P0011,Village A,Street 1
P0012,Village A,Street 1
P0013,Village A,Street 1
P0014,Village A,Street 1
P0015,Village A,Street 1
P0016,Village A,Street 1
P0017,Village A,Street 1
P0018,Village A,Street 1
P0019,Village A,Street 1
P0020,Village A,Street 1
P0021,Village A,Street 1
P0022,Village A,Street 1
P0023,Village A,Street 1
P0024,Village A,Street 1
P0025,Village A,Street 1
P0026,Village A,Street 1
P0027,Village A,Street 1
P0028,Village A,Street 1
P0029,Village A,Street 1
P0030,Village A,Street 1
P0031,Village A,Street 1
P0032,Village A,Street 1
P0033,Village A,Street 1
P0034,Village A,Street 1
P0035,Village A,Street 1
P0036,Village A,Street 1
P0037,Village A,Street 1
P0038,Village A,Street 1
P0039,Village A,Street 1
P0040,Village A,Street 1
P0041,Village A,Street 1
P0042,Village A,Street 1
P0043,Village A,Street 1
P0044,Village A,Street 1
P0045,Village A,Street 1
P0046,Village A,Street 1
P0047,Village A,Street 1
P0048,Village A,Street 1
P0049,Village A,Street 1
P0050,Village A,Street 1
P0051,Village A,Street 1
P0052,Village A,Street 1
P0053,Village A,Street 1
P0054,Village A,Street 1
P0055,Village A,Street 1
P0056,Village A,Street 1
P0057,Village A,Street 1
P0058,Village A,Street 1
P0059,Village A,Street 1
P0060,Village A,Street 1
P0061,Village A,Street 1
P0062,Village A,Street 1
P0063,Village A,Street 1
P0064,Village A,Street 1
P0065,Village A,Street 1
P0066,Village A,Street 1
P0067,Village A,Street 1
P0068,Village A,Street 1
P0069,Village A,Street 1
P0070,Village A,Street 1
P0071,Village A,Street 1
P0072,Village A,Street 1
P0073,Village A,Street 1
P0074,Village A,Street 1
P0075,Village A,Street 1
P0076,Village A,Street 1
P0077,Village A,Street 1
P0078,Village A,Street 1
P0079,Village A,Street 1
P0080,Village A,Street 1
P0081,Village A,Street 1
P0082,Village A,Street 1
P0083,Village A,Street 1
P0084,Village A,Street 1
P0085,Village A,Street 1
P0086,Village A,Street 1
P0087,Village A,Street 1
P0088,Village A,Street 1
P0089,Village A,Street 1
P0090,Village A,Street 1
P0091,Village A,Street 1
P0092,Village A,Street 1
P0093,Village A,Street 1
P0094,Village A,Street 1
P0095,Village A,Street 1
P0096,Village A,Street 1
P0097,Village A,Street 1
P0098,Village A,Street 1
P0099,Village A,Street 1
P0100,Village A,Street 1
P0101,Village A,Street 1
P0102,Village A,Street 1
P0103,Village A,Street 1
P0104,Village A,Street 1
P0105,Village A,Street 1
P0106,Village A,Street 1
P0107,Village A,Street 1
P0108,Village A,Street 1
P0109,Village A,Street 1
P0110,Village A,Street 1
P0111,Village A,Street 1
P0112,Village A,Street 1
P0113,Village A,Street 1
P0114,Village A,Street 1
P0115,Village A,Street 1
P0116,Village A,Street 1
P0117,Village A,Street 1
P0118,Village A,Street 1
P0119,Village A,Street 1
P0120,Village A,Street 1
P0121,Village A,Street 1
P0122,Village A,Street 1
P0123,Village A,Street 1
P0124,Village A,Street 1
P0125,Village A,Street 1
P0126,Village A,Street 1
P0127,Village A,Street 1
P0128,Village A,Street 1
P0129,Village A,Street 1
P0130,Village A,Street 1
P0131,Village A,Street 1
P0132,Village A,Street 1
P0133,Village A,Street 1
P0134,Village A,Street 1
P0135,Village A,Street 1
P0136,Village A,Street 1
P0137,Village A,Street 1
P0138,Village A,Street 1
P0139,Village A,Street 1
P0140,Village A,Street 1
P0141,Village A,Street 1
P0142,Village A,Street 1
P0143,Village A,Street 1
P0144,Village A,Street 1
P0145,Village A,Street 1
P0146,Village A,Street 1
P0147,Village A,Street 1
P0148,Village A,Street 1
P0149,Village A,Street 1
P0150,Village A,Street 2
P0151,Village A,Street 2
P0152,Village A,Street 2
P0153,Village A,Street 2
P0154,Village A,Street 2
P0155,Village A,Street 2
P0156,Village A,Street 2
P0157,Village A,Street 2
P0158,Village A,Street 2
P0159,Village A,Street 2
P0160,Village A,Street 2
P0161,Village A,Street 2
P0162,Village A,Street 2
P0163,Village A,Street 2
P0164,Village A,Street 2
P0165,Village A,Street 2
P0166,Village A,Street 2
P0167,Village A,Street 2
P0168,Village A,Street 2
P0169,Village A,Street 2
P0170,Village A,Street 2
P0171,Village A,Street 2
P0172,Village A,Street 2
P0173,Village A,Street 2
P0174,Village A,Street 2
P0175,Village A,Street 2
P0176,Village A,Street 2
P0177,Village A,Street 2
P0178,Village A,Street 2
P0179,Village A,Street 2
P0180,Village A,Street 2
P0181,Village A,Street 2
P0182,Village A,Street 2
P0183,Village A,Street 2
P0184,Village A,Street 2
P0185,Village A,Street 2
P0186,Village A,Street 2
P0187,Village A,Street 2
P0188,Village A,Street 2
P0189,Village A,Street 2
P0190,Village A,Street 2
P0191,Village A,Street 2
P0192,Village A,Street 2
P0193,Village A,Street 2
P0194,Village A,Street 2
P0195,Village A,Street 2
P0196,Village A,Street 2
P0197,Village A,Street 2
P0198,Village A,Street 2
P0199,Village A,Street 2
P0200,Village A,Street 2
P0201,Village A,Street 2
P0202,Village A,Street 2
P0203,Village A,Street 2
P0204,Village A,Street 2
P0205,Village A,Street 2
P0206,Village A,Street 2
P0207,Village A,Street 2
P0208,Village A,Street 2
P0209,Village A,Street 2
P0210,Village A,Street 2
P0211,Village A,Street 2
P0212,Village A,Street 2
P0213,Village A,Street 2
P0214,Village A,Street 2
P0215,Village A,Street 2
P0216,Village A,Street 2
P0217,Village A,Street 2
P0218,Village A,Street 2
P0219,Village A,Street 2
P0220,Village A,Street 2
P0221,Village A,Street 2
P0222,Village A,Street 2
P0223,Village A,Street 2
P0224,Village A,Street 2
P0225,Village A,Street 2
P0226,Village A,Street 2
P0227,Village A,Street 2
P0228,Village A,Street 2
P0229,Village A,Street 2
P0230,Village A,Street 2
P0231,Village A,Street 2
P0232,Village A,Street 2
P0233,Village A,Street 2
P0234,Village A,Street 2
P0235,Village A,Street 2
P0236,Village A,Street 2
P0237,Village A,Street 2
P0238,Village A,Street 2
P0239,Village A,Street 2
P0240,Village A,Street 2
P0241,Village A,Street 2
P0242,Village A,Street 2
P0243,Village A,Street 2
P0244,Village A,Street 2
P0245,Village A,Street 2
P0246,Village A,Street 2
P0247,Village A,Street 2
P0248,Village A,Street 2
P0249,Village A,Street 2
P0250,Village A,Street 2
P0251,Village A,Street 2
P0252,Village A,Street 2
P0253,Village A,Street 2
P0254,Village A,Street 2
P0255,Village A,Street 2
P0256,Village A,Street 2
P0257,Village A,Street 2
P0258,Village A,Street 2
P0259,Village A,Street 2
P0260,Village A,Street 2
P0261,Village A,Street 2
P0262,Village A,Street 2
P0263,Village A,Street 2
P0264,Village A,Street 2
P0265,Village A,Street 2
P0266,Village A,Street 2
P0267,Village A,Street 2
P0268,Village A,Street 2
P0269,Village A,Street 2
P0270,Village A,Street 2
P0271,Village A,Street 2
P0272,Village A,Street 2
P0273,Village A,Street 2
P0274,Village A,Street 2
P0275,Village A,Street 2
P0276,Village A,Street 2
P0277,Village A,Street 3
P0278,Village A,Street 3
P0279,Village A,Street 3
P0280,Village A,Street 3
P0281,Village A,Street 3
P0282,Village A,Street 3
P0283,Village A,Street 3
P0284,Village A,Street 3
P0285,Village A,Street 3
P0286,Village A,Street 3
P0287,Village A,Street 3
P0288,Village A,Street 3
P0289,Village A,Street 3
P0290,Village A,Street 3
P0291,Village A,Street 3
P0292,Village A,Street 3
P0293,Village A,Street 3
P0294,Village A,Street 3
P0295,Village A,Street 3
P0296,Village A,Street 3
P0297,Village A,Street 3
P0298,Village A,Street 3
P0299,Village A,Street 3
P0300,Village A,Street 3
P0301,Village A,Street 3
P0302,Village A,Street 3
P0303,Village A,Street 3
P0304,Village A,Street 3
P0305,Village A,Street 3
P0306,Village A,Street 3
P0307,Village A,Street 3
P0308,Village A,Street 3
P0309,Village A,Street 3
P0310,Village A,Street 3
P0311,Village A,Street 3
P0312,Village A,Street 3
P0313,Village A,Street 3
P0314,Village A,Street 3
P0315,Village A,Street 3
P0316,Village A,Street 3
P0317,Village A,Street 3
P0318,Village A,Street 3
P0319,Village A,Street 3
P0320,Village A,Street 3
P0321,Village A,Street 3
P0322,Village A,Street 3
P0323,Village A,Street 3
P0324,Village A,Street 3
P0325,Village A,Street 3
P0326,Village A,Street 3
P0327,Village A,Street 3
P0328,Village A,Street 3
P0329,Village A,Street 3
P0330,Village A,Street 3
P0331,Village A,Street 3
P0332,Village A,Street 3
P0333,Village A,Street 3
P0334,Village A,Street 3
P0335,Village A,Street 3
P0336,Village A,Street 3
P0337,Village A,Street 3
P0338,Village A,Street 3
P0339,Village A,Street 3
P0340,Village A,Street 3
P0341,Village A,Street 3
P0342,Village A,Street 3
P0343,Village A,Street 3
P0344,Village A,Street 3
P0345,Village A,Street 3
P0346,Village A,Street 3
P0347,Village A,Street 3
P0348,Village A,Street 3
P0349,Village A,Street 3
P0350,Village A,Street 3
P0351,Village A,Street 3
P0352,Village A,Street 3
P0353,Village A,Street 3
P0354,Village A,Street 3
P0355,Village A,Street 3
P0356,Village A,Street 3
P0357,Village A,Street 3
P0358,Village A,Street 3
P0359,Village A,Street 3
P0360,Village A,Street 3
P0361,Village A,Street 3
P0362,Village A,Street 3
P0363,Village A,Street 3
P0364,Village A,Street 3
P0365,Village A,Street 3
P0366,Village A,Street 3
P0367,Village A,Street 3
P0368,Village A,Street 3
P0369,Village A,Street 3
P0370,Village A,Street 3
P0371,Village A,Street 3
P0372,Village A,Street 3
P0373,Village A,Street 3
P0374,Village A,Street 3
P0375,Village A,Street 3
P0376,Village A,Street 3
P0377,Village A,Street 3
P0378,Village A,Street 3
P0379,Village A,Street 3
P0380,Village A,Street 3
P0381,Village A,Street 3
P0382,Village A,Street 3
P0383,Village A,Street 3
P0384,Village A,Street 3
P0385,Village A,Street 3
P0386,Village A,Street 3
P0387,Village A,Street 3
P0388,Village A,Street 3
P0389,Village A,Street 3
P0390,Village A,Street 3
P0391,Village A,Street 3
P0392,Village A,Street 3
P0393,Village A,Street 3
P0394,Village A,Street 3
P0395,Village A,Street 3
P0396,Village A,Street 3
P0397,Village A,Street 3
P0398,Village A,Street 3
P0399,Village A,Street 3
P0400,Village A,Street 3
P0401,Village A,Street 3
P0402,Village A,Street 3
P0403,Village A,Street 3
P0404,Village A,Street 3
P0405,Village A,Street 3
P0406,Village A,Street 3
P0407,Village A,Street 3
P0408,Village A,Street 3
P0409,Village A,Street 3
P0410,Village A,Street 3
P0411,Village A,Street 3
P0412,Village A,Street 3
P0413,Village A,Street 3
P0414,Village A,Street 3
P0415,Village A,Street 3
P0416,Village A,Street 3
P0417,Village A,Street 3
P0418,Village A,Street 3
P0419,Village A,Street 3
P0420,Village A,Street 3
P0421,Village A,Street 3
P0422,Village A,Street 3
P0423,Village A,Street 3
P0424,Village A,Street 3
P0425,Village A,Street 3
P0426,Village A,Street 3
P0427,Village A,Street 3
P0428,Village A,Street 3
P0429,Village A,Street 3
P0430,Village A,Street 3
P0431,Village A,Street 3
P0432,Village A,Street 3
P0433,Village A,Street 3
P0434,Village A,Street 3
P0435,Village A,Street 3
P0436,Village A,Street 3
P0437,Village A,Street 3
P0438,Village A,Street 3
P0439,Village A,Street 3
P0440,Village A,Street 3
P0441,Village A,Street 3
P0442,Village A,Street 3
P0443,Village A,Street 3
P0444,Village A,Street 3
P0445,Village A,Street 3
P0446,Village A,Street 3
P0447,Village A,Street 3
P0448,Village A,Street 3
P0449,Village A,Street 3
P0450,Village A,Street 3
P0451,Village A,Street 3
P0452,Village A,Street 3
P0453,Village A,Street 3
P0454,Village A,Street 4
P0455,Village A,Street 4
P0456,Village A,Street 4
P0457,Village A,Street 4
P0458,Village A,Street 4
P0459,Village A,Street 4
P0460,Village A,Street 4
P0461,Village A,Street 4
P0462,Village A,Street 4
P0463,Village A,Street 4
P0464,Village A,Street 4
P0465,Village A,Street 4
P0466,Village A,Street 4
P0467,Village A,Street 4
P0468,Village A,Street 4
P0469,Village A,Street 4
P0470,Village A,Street 4
P0471,Village A,Street 4
P0472,Village A,Street 4
P0473,Village A,Street 4
P0474,Village A,Street 4
P0475,Village A,Street 4
P0476,Village A,Street 4
P0477,Village A,Street 4
P0478,Village A,Street 4
P0479,Village A,Street 4
P0480,Village A,Street 4
P0481,Village A,Street 4
P0482,Village A,Street 4
P0483,Village A,Street 4
P0484,Village A,Street 4
P0485,Village A,Street 4
P0486,Village A,Street 4
P0487,Village A,Street 4
P0488,Village A,Street 4
P0489,Village A,Street 4
P0490,Village A,Street 4
P0491,Village A,Street 4
P0492,Village A,Street 4
P0493,Village A,Street 4
P0494,Village A,Street 4
P0495,Village A,Street 4
P0496,Village A,Street 4
P0497,Village A,Street 4
P0498,Village A,Street 4
P0499,Village A,Street 4
P0500,Village A,Street 4
P0501,Village A,Street 4
P0502,Village A,Street 4
P0503,Village A,Street 4
P0504,Village A,Street 4
P0505,Village A,Street 4
P0506,Village A,Street 4
P0507,Village A,Street 4
P0508,Village A,Street 4
P0509,Village A,Street 4
P0510,Village A,Street 4
P0511,Village A,Street 4
P0512,Village A,Street 4
P0513,Village A,Street 4
P0514,Village A,Street 4
P0515,Village A,Street 4
P0516,Village A,Street 4
P0517,Village A,Street 4
P0518,Village A,Street 4
P0519,Village A,Street 4
P0520,Village A,Street 4
P0521,Village A,Street 4
P0522,Village A,Street 4
P0523,Village A,Street 4
P0524,Village A,Street 4
P0525,Village A,Street 4
P0526,Village A,Street 4
P0527,Village A,Street 4
P0528,Village A,Street 4
P0529,Village A,Street 4
P0530,Village A,Street 4
P0531,Village A,Street 4
P0532,Village A,Street 4
P0533,Village A,Street 4
P0534,Village A,Street 4
P0535,Village A,Street 4
P0536,Village A,Street 4
P0537,Village A,Street 4
P0538,Village A,Street 4
P0539,Village A,Street 4
P0540,Village A,Street 4
P0541,Village A,Street 4
P0542,Village A,Street 4
P0543,Village A,Street 4
P0544,Village A,Street 4
P0545,Village A,Street 4
P0546,Village A,Street 4
P0547,Village A,Street 4
P0548,Village A,Street 4
P0549,Village A,Street 4
P0550,Village A,Street 4
P0551,Village A,Street 4
P0552,Village A,Street 4
P0553,Village A,Street 4
P0554,Village A,Street 4
P0555,Village A,Street 4
P0556,Village A,Street 4
P0557,Village A,Street 4
P0558,Village A,Street 4
P0559,Village A,Street 4
P0560,Village A,Street 4
P0561,Village A,Street 4
P0562,Village A,Street 4
P0563,Village A,Street 4
P0564,Village A,Street 4
P0565,Village A,Street 4
P0566,Village A,Street 4
P0567,Village A,Street 4
P0568,Village A,Street 4
P0569,Village A,Street 4
P0570,Village A,Street 4
P0571,Village A,Street 4
P0572,Village A,Street 4
P0573,Village A,Street 4
P0574,Village A,Street 4
P0575,Village A,Street 4
P0576,Village A,Street 4
P0577,Village A,Street 4
P0578,Village A,Street 4
P0579,Village A,Street 4
P0580,Village A,Street 4
P0581,Village A,Street 4
P0582,Village A,Street 4
P0583,Village A,Street 4
P0584,Village A,Street 4
P0585,Village A,Street 4
P0586,Village A,Street 4
P0587,Village A,Street 4
P0588,Village A,Street 4
P0589,Village A,Street 4
P0590,Village A,Street 4
P0591,Village A,Street 4
P0592,Village A,Street 4
P0593,Village A,Street 4
P0594,Village A,Street 4
P0595,Village A,Street 4
P0596,Village A,Street 4
P0597,Village A,Street 4
P0598,Village A,Street 4
P0599,Village A,Street 4
P0600,Village A,Street 4
P0601,Village A,Street 4
P0602,Village A,Street 4
P0603,Village A,Street 4
P0604,Village A,Street 4
P0605,Village A,Street 4
P0606,Village A,Street 4
P0607,Village A,Street 5
P0608,Village A,Street 5
P0609,Village A,Street 5
P0610,Village A,Street 5
P0611,Village A,Street 5
P0612,Village A,Street 5
P0613,Village A,Street 5
P0614,Village A,Street 5
P0615,Village A,Street 5
P0616,Village A,Street 5
P0617,Village A,Street 5
P0618,Village A,Street 5
P0619,Village A,Street 5
P0620,Village A,Street 5
P0621,Village A,Street 5
P0622,Village A,Street 5
P0623,Village A,Street 5
P0624,Village A,Street 5
P0625,Village A,Street 5
P0626,Village A,Street 5
P0627,Village A,Street 5
P0628,Village A,Street 5
P0629,Village A,Street 5
P0630,Village A,Street 5
P0631,Village A,Street 5
P0632,Village A,Street 5
P0633,Village A,Street 5
P0634,Village A,Street 5
P0635,Village A,Street 5
P0636,Village A,Street 5
P0637,Village A,Street 5
P0638,Village A,Street 5
P0639,Village A,Street 5
P0640,Village A,Street 5
P0641,Village A,Street 5
P0642,Village A,Street 5
P0643,Village A,Street 5
P0644,Village A,Street 5
P0645,Village A,Street 5
P0646,Village A,Street 5
P0647,Village A,Street 5
P0648,Village A,Street 5
P0649,Village A,Street 5
P0650,Village A,Street 5
P0651,Village A,Street 5
P0652,Village A,Street 5
P0653,Village A,Street 5
P0654,Village A,Street 5
P0655,Village A,Street 5
P0656,Village A,Street 5
P0657,Village A,Street 5
P0658,Village A,Street 5
P0659,Village A,Street 5
P0660,Village A,Street 5
P0661,Village A,Street 5
P0662,Village A,Street 5
P0663,Village A,Street 5
P0664,Village A,Street 5
P0665,Village A,Street 5
P0666,Village A,Street 5
P0667,Village A,Street 5
P0668,Village A,Street 5
P0669,Village A,Street 5
P0670,Village A,Street 5
P0671,Village A,Street 5
P0672,Village A,Street 5
P0673,Village A,Street 5
P0674,Village A,Street 5
P0675,Village A,Street 5
P0676,Village A,Street 5
P0677,Village A,Street 5
P0678,Village A,Street 5
P0679,Village A,Street 5
P0680,Village A,Street 5
P0681,Village A,Street 5
P0682,Village A,Street 5
P0683,Village A,Street 5
P0684,Village A,Street 5
P0685,Village A,Street 5
P0686,Village A,Street 5
P0687,Village A,Street 5
P0688,Village A,Street 5
P0689,Village A,Street 5
P0690,Village A,Street 5
P0691,Village A,Street 5
P0692,Village A,Street 5
P0693,Village A,Street 5
P0694,Village A,Street 5
P0695,Village A,Street 5
P0696,Village A,Street 5
P0697,Village A,Street 5
P0698,Village A,Street 5
P0699,Village A,Street 5
P0700,Village A,Street 5
P0701,Village A,Street 5
P0702,Village A,Street 5
P0703,Village A,Street 5
P0704,Village A,Street 5
P0705,Village A,Street 5
P0706,Village A,Street 5
P0707,Village A,Street 5
P0708,Village A,Street 5
P0709,Village A,Street 5
P0710,Village A,Street 5
P0711,Village A,Street 6
P0712,Village A,Street 6
P0713,Village A,Street 6
P0714,Village A,Street 6
P0715,Village A,Street 6
P0716,Village A,Street 6
P0717,Village A,Street 6
P0718,Village A,Street 6
P0719,Village A,Street 6
P0720,Village A,Street 6
P0721,Village A,Street 6
P0722,Village A,Street 6
P0723,Village A,Street 6
P0724,Village A,Street 6
P0725,Village A,Street 6
P0726,Village A,Street 6
P0727,Village A,Street 6
P0728,Village A,Street 6
P0729,Village A,Street 6
P0730,Village A,Street 6
P0731,Village A,Street 6
P0732,Village A,Street 6
P0733,Village A,Street 6
P0734,Village A,Street 6
P0735,Village A,Street 6
P0736,Village A,Street 6
P0737,Village A,Street 6
P0738,Village A,Street 6
P0739,Village A,Street 6
P0740,Village A,Street 6
P0741,Village A,Street 6
P0742,Village A,Street 6
P0743,Village A,Street 6
P0744,Village A,Street 6
P0745,Village A,Street 6
P0746,Village A,Street 6
P0747,Village A,Street 6
P0748,Village A,Street 6
P0749,Village A,Street 6
P0750,Village A,Street 6
P0751,Village A,Street 6
P0752,Village A,Street 6
P0753,Village A,Street 6
P0754,Village A,Street 6
P0755,Village A,Street 6
P0756,Village A,Street 6
P0757,Village A,Street 6
P0758,Village A,Street 6
P0759,Village A,Street 6
P0760,Village A,Street 6
P0761,Village A,Street 6
P0762,Village A,Street 6
P0763,Village A,Street 6
P0764,Village A,Street 6
P0765,Village A,Street 6
P0766,Village A,Street 6
P0767,Village A,Street 6
P0768,Village A,Street 6
P0769,Village A,Street 6
P0770,Village A,Street 6
P0771,Village A,Street 6
P0772,Village A,Street 6
P0773,Village A,Street 6
P0774,Village A,Street 6
P0775,Village A,Street 6
P0776,Village A,Street 6
P0777,Village A,Street 6
P0778,Village A,Street 6
P0779,Village A,Street 6
P0780,Village A,Street 6
P0781,Village A,Street 6
P0782,Village A,Street 6
P0783,Village A,Street 6
P0784,Village A,Street 6
P0785,Village A,Street 6
P0786,Village A,Street 6
P0787,Village A,Street 6
P0788,Village A,Street 6
P0789,Village A,Street 6
P0790,Village A,Street 6
P0791,Village A,Street 6
P0792,Village A,Street 6
P0793,Village A,Street 6
P0794,Village A,Street 6
P0795,Village A,Street 6
P0796,Village A,Street 6
P0797,Village A,Street 6
P0798,Village A,Street 6
P0799,Village A,Street 6
P0800,Village A,Street 6
P0801,Village A,Street 6
P0802,Village A,Street 6
P0803,Village A,Street 6
P0804,Village A,Street 6
P0805,Village A,Street 6
P0806,Village A,Street 6
P0807,Village A,Street 6
P0808,Village A,Street 6
P0809,Village A,Street 6
P0810,Village A,Street 6
P0811,Village A,Street 6
P0812,Village A,Street 6
P0813,Village A,Street 6
P0814,Village A,Street 6
P0815,Village A,Street 6
P0816,Village A,Street 6
P0817,Village A,Street 6
P0818,Village A,Street 6
P0819,Village A,Street 6
P0820,Village A,Street 6
P0821,Village A,Street 6
P0822,Village A,Street 6
P0823,Village A,Street 6
P0824,Village A,Street 6
P0825,Village A,Street 6
P0826,Village A,Street 6
P0827,Village A,Street 6
P0828,Village A,Street 6
P0829,Village A,Street 6
P0830,Village A,Street 6
P0831,Village A,Street 6
P0832,Village A,Street 6
P0833,Village A,Street 6
P0834,Village A,Street 6
P0835,Village A,Street 6
P0836,Village A,Street 6
P0837,Village A,Street 6
P0838,Village A,Street 6
P0839,Village A,Street 6
P0840,Village A,Street 6
P0841,Village A,Street 6
P0842,Village A,Street 6
P0843,Village A,Street 6
P0844,Village A,Street 6
P0845,Village A,Street 6
P0846,Village A,Street 6
P0847,Village A,Street 6
P0848,Village A,Street 6
P0849,Village A,Street 6
P0850,Village A,Street 6
P0851,Village A,Street 6
P0852,Village A,Street 6
P0853,Village A,Street 6
P0854,Village A,Street 6
P0855,Village A,Street 6
P0856,Village A,Street 6
P0857,Village A,Street 6
P0858,Village A,Street 6
P0859,Village A,Street 6
P0860,Village A,Street 6
P0861,Village A,Street 6
P0862,Village A,Street 6
P0863,Village A,Street 6
P0864,Village A,Street 6
P0865,Village A,Street 6
P0866,Village A,Street 6
P0867,Village A,Street 6
P0868,Village A,Street 6
P0869,Village A,Street 6
P0870,Village A,Street 6
P0871,Village A,Street 6
P0872,Village A,Street 6
P0873,Village A,Street 6
P0874,Village A,Street 6
P0875,Village A,Street 6
P0876,Village A,Street 6
P0877,Village A,Street 6
P0878,Village A,Street 6
P0879,Village A,Street 6
P0880,Village A,Street 6
P0881,Village A,Street 6
P0882,Village A,Street 6
P0883,Village A,Street 6
P0884,Village A,Street 6
P0885,Village A,Street 6
P0886,Village A,Street 6
P0887,Village A,Street 6
P0888,Village A,Street 6
P0889,Village A,Street 6
P0890,Village A,Street 7
P0891,Village A,Street 7
P0892,Village A,Street 7
P0893,Village A,Street 7
P0894,Village A,Street 7
P0895,Village A,Street 7
P0896,Village A,Street 7
P0897,Village A,Street 7
P0898,Village A,Street 7
P0899,Village A,Street 7
P0900,Village A,Street 7
P0901,Village A,Street 7
P0902,Village A,Street 7
P0903,Village A,Street 7
P0904,Village A,Street 7
P0905,Village A,Street 7
P0906,Village A,Street 7
P0907,Village A,Street 7
P0908,Village A,Street 7
P0909,Village A,Street 7
P0910,Village A,Street 7
P0911,Village A,Street 7
P0912,Village A,Street 7
P0913,Village A,Street 7
P0914,Village A,Street 7
P0915,Village A,Street 7
P0916,Village A,Street 7
P0917,Village A,Street 7
P0918,Village A,Street 7
P0919,Village A,Street 7
P0920,Village A,Street 7
P0921,Village A,Street 7
P0922,Village A,Street 7
P0923,Village A,Street 7
P0924,Village A,Street 7
P0925,Village A,Street 7
P0926,Village A,Street 7
P0927,Village A,Street 7
P0928,Village A,Street 7
P0929,Village A,Street 7
P0930,Village A,Street 7
P0931,Village A,Street 7
P0932,Village A,Street 7
P0933,Village A,Street 7
P0934,Village A,Street 7
P0935,Village A,Street 7
P0936,Village A,Street 7
P0937,Village A,Street 7
P0938,Village A,Street 7
P0939,Village A,Street 7
P0940,Village A,Street 7
P0941,Village A,Street 7
P0942,Village A,Street 7
P0943,Village A,Street 7
P0944,Village A,Street 7
P0945,Village A,Street 7
P0946,Village A,Street 7
P0947,Village A,Street 7
P0948,Village A,Street 7
P0949,Village A,Street 7
P0950,Village A,Street 7
P0951,Village A,Street 7
P0952,Village A,Street 7
P0953,Village A,Street 7
P0954,Village A,Street 7
P0955,Village A,Street 7
P0956,Village A,Street 7
P0957,Village A,Street 7
P0958,Village A,Street 7
P0959,Village A,Street 7
P0960,Village A,Street 7
P0961,Village A,Street 7
P0962,Village A,Street 7
P0963,Village A,Street 7
P0964,Village A,Street 7
P0965,Village A,Street 7
P0966,Village A,Street 7
P0967,Village A,Street 7
P0968,Village A,Street 7
P0969,Village A,Street 7
P0970,Village A,Street 7
P0971,Village A,Street 7
P0972,Village A,Street 7
P0973,Village A,Street 7
P0974,Village A,Street 7
P0975,Village A,Street 7
P0976,Village A,Street 7
P0977,Village A,Street 7
P0978,Village A,Street 7
P0979,Village A,Street 7
P0980,Village A,Street 7
P0981,Village A,Street 7
P0982,Village A,Street 7
P0983,Village A,Street 7
P0984,Village A,Street 7
P0985,Village A,Street 7
P0986,Village A,Street 7
P0987,Village A,Street 7
P0988,Village A,Street 7
P0989,Village A,Street 7
P0990,Village A,Street 7
P0991,Village A,Street 7
P0992,Village A,Street 7
P0993,Village A,Street 7
P0994,Village A,Street 7
P0995,Village A,Street 7
P0996,Village A,Street 7
P0997,Village A,Street 7
P0998,Village A,Street 7
P0999,Village A,Street 7
P1000,Village A,Street 7
P1001,Village B,Street 1
P1002,Village B,Street 1
P1003,Village B,Street 1
P1004,Village B,Street 1
P1005,Village B,Street 1
P1006,Village B,Street 1
P1007,Village B,Street 1
P1008,Village B,Street 1
P1009,Village B,Street 1
P1010,Village B,Street 1
P1011,Village B,Street 1
P1012,Village B,Street 1
P1013,Village B,Street 1
P1014,Village B,Street 1
P1015,Village B,Street 1
P1016,Village B,Street 1
P1017,Village B,Street 1
P1018,Village B,Street 1
P1019,Village B,Street 1
P1020,Village B,Street 1
P1021,Village B,Street 1
P1022,Village B,Street 1
P1023,Village B,Street 1
P1024,Village B,Street 1
P1025,Village B,Street 1
P1026,Village B,Street 1
P1027,Village B,Street 1
P1028,Village B,Street 1
P1029,Village B,Street 1
P1030,Village B,Street 1
P1031,Village B,Street 1
P1032,Village B,Street 1
P1033,Village B,Street 1
P1034,Village B,Street 1
P1035,Village B,Street 1
P1036,Village B,Street 1
P1037,Village B,Street 1
P1038,Village B,Street 1
P1039,Village B,Street 1
P1040,Village B,Street 1
P1041,Village B,Street 1
P1042,Village B,Street 1
P1043,Village B,Street 1
P1044,Village B,Street 1
P1045,Village B,Street 1
P1046,Village B,Street 1
P1047,Village B,Street 1
P1048,Village B,Street 1
P1049,Village B,Street 1
P1050,Village B,Street 1
P1051,Village B,Street 1
P1052,Village B,Street 1
P1053,Village B,Street 1
P1054,Village B,Street 1
P1055,Village B,Street 1
P1056,Village B,Street 1
P1057,Village B,Street 1
P1058,Village B,Street 1
P1059,Village B,Street 1
P1060,Village B,Street 1
P1061,Village B,Street 1
P1062,Village B,Street 1
P1063,Village B,Street 1
P1064,Village B,Street 1
P1065,Village B,Street 1
P1066,Village B,Street 1
P1067,Village B,Street 1
P1068,Village B,Street 1
P1069,Village B,Street 1
P1070,Village B,Street 1
P1071,Village B,Street 1
P1072,Village B,Street 1
P1073,Village B,Street 1
P1074,Village B,Street 1
P1075,Village B,Street 1
P1076,Village B,Street 1
P1077,Village B,Street 1
P1078,Village B,Street 1
P1079,Village B,Street 1
P1080,Village B,Street 1
P1081,Village B,Street 1
P1082,Village B,Street 1
P1083,Village B,Street 1
P1084,Village B,Street 1
P1085,Village B,Street 1
P1086,Village B,Street 1
P1087,Village B,Street 1
P1088,Village B,Street 1
P1089,Village B,Street 1
P1090,Village B,Street 1
P1091,Village B,Street 1
P1092,Village B,Street 1
P1093,Village B,Street 1
P1094,Village B,Street 1
P1095,Village B,Street 1
P1096,Village B,Street 1
P1097,Village B,Street 1
P1098,Village B,Street 1
P1099,Village B,Street 1
P1100,Village B,Street 1
P1101,Village B,Street 1
P1102,Village B,Street 1
P1103,Village B,Street 1
P1104,Village B,Street 1
P1105,Village B,Street 1
P1106,Village B,Street 1
P1107,Village B,Street 1
P1108,Village B,Street 1
P1109,Village B,Street 1
P1110,Village B,Street 1
P1111,Village B,Street 1
P1112,Village B,Street 1
P1113,Village B,Street 1
P1114,Village B,Street 1
P1115,Village B,Street 1
P1116,Village B,Street 1
P1117,Village B,Street 1
P1118,Village B,Street 1
P1119,Village B,Street 1
P1120,Village B,Street 1
P1121,Village B,Street 1
P1122,Village B,Street 1
P1123,Village B,Street 1
P1124,Village B,Street 1
P1125,Village B,Street 1
P1126,Village B,Street 1
P1127,Village B,Street 2
P1128,Village B,Street 2
P1129,Village B,Street 2
P1130,Village B,Street 2
P1131,Village B,Street 2
P1132,Village B,Street 2
P1133,Village B,Street 2
P1134,Village B,Street 2
P1135,Village B,Street 2
P1136,Village B,Street 2
P1137,Village B,Street 2
P1138,Village B,Street 2
P1139,Village B,Street 2
P1140,Village B,Street 2
P1141,Village B,Street 2
P1142,Village B,Street 2
P1143,Village B,Street 2
P1144,Village B,Street 2
P1145,Village B,Street 2
P1146,Village B,Street 2
P1147,Village B,Street 2
P1148,Village B,Street 2
P1149,Village B,Street 2
P1150,Village B,Street 2
P1151,Village B,Street 2
P1152,Village B,Street 2
P1153,Village B,Street 2
P1154,Village B,Street 2
P1155,Village B,Street 2
P1156,Village B,Street 2
P1157,Village B,Street 2
P1158,Village B,Street 2
P1159,Village B,Street 2
P1160,Village B,Street 2
P1161,Village B,Street 2
P1162,Village B,Street 2
P1163,Village B,Street 2
P1164,Village B,Street 2
P1165,Village B,Street 2
P1166,Village B,Street 2
P1167,Village B,Street 2
P1168,Village B,Street 2
P1169,Village B,Street 2
P1170,Village B,Street 2
P1171,Village B,Street 2
P1172,Village B,Street 2
P1173,Village B,Street 2
P1174,Village B,Street 2
P1175,Village B,Street 2
P1176,Village B,Street 2
P1177,Village B,Street 2
P1178,Village B,Street 2
P1179,Village B,Street 2
P1180,Village B,Street 2
P1181,Village B,Street 2
P1182,Village B,Street 2
P1183,Village B,Street 2
P1184,Village B,Street 2
P1185,Village B,Street 2
P1186,Village B,Street 2
P1187,Village B,Street 2
P1188,Village B,Street 2
P1189,Village B,Street 2
P1190,Village B,Street 2
P1191,Village B,Street 2
P1192,Village B,Street 2
P1193,Village B,Street 2
P1194,Village B,Street 2
P1195,Village B,Street 2
P1196,Village B,Street 2
P1197,Village B,Street 2
P1198,Village B,Street 2
P1199,Village B,Street 2
P1200,Village B,Street 2
P1201,Village B,Street 2
P1202,Village B,Street 2
P1203,Village B,Street 2
P1204,Village B,Street 2
P1205,Village B,Street 2
P1206,Village B,Street 3
P1207,Village B,Street 3
P1208,Village B,Street 3
P1209,Village B,Street 3
P1210,Village B,Street 3
P1211,Village B,Street 3
P1212,Village B,Street 3
P1213,Village B,Street 3
P1214,Village B,Street 3
P1215,Village B,Street 3
P1216,Village B,Street 3
P1217,Village B,Street 3
P1218,Village B,Street 3
P1219,Village B,Street 3
P1220,Village B,Street 3
P1221,Village B,Street 3
P1222,Village B,Street 3
P1223,Village B,Street 3
P1224,Village B,Street 3
P1225,Village B,Street 3
P1226,Village B,Street 3
P1227,Village B,Street 3
P1228,Village B,Street 3
P1229,Village B,Street 3
P1230,Village B,Street 3
P1231,Village B,Street 3
P1232,Village B,Street 3
P1233,Village B,Street 3
P1234,Village B,Street 3
P1235,Village B,Street 3
P1236,Village B,Street 3
P1237,Village B,Street 3
P1238,Village B,Street 3
P1239,Village B,Street 3
P1240,Village B,Street 3
P1241,Village B,Street 3
P1242,Village B,Street 3
P1243,Village B,Street 3
P1244,Village B,Street 3
P1245,Village B,Street 3
P1246,Village B,Street 3
P1247,Village B,Street 3
P1248,Village B,Street 3
P1249,Village B,Street 3
P1250,Village B,Street 3
P1251,Village B,Street 3
P1252,Village B,Street 3
P1253,Village B,Street 3
P1254,Village B,Street 3
P1255,Village B,Street 3
P1256,Village B,Street 3
P1257,Village B,Street 3
P1258,Village B,Street 3
P1259,Village B,Street 3
P1260,Village B,Street 3
P1261,Village B,Street 3
P1262,Village B,Street 3
P1263,Village B,Street 3
P1264,Village B,Street 3
P1265,Village B,Street 3
P1266,Village B,Street 3
P1267,Village B,Street 3
P1268,Village B,Street 3
P1269,Village B,Street 3
P1270,Village B,Street 3
P1271,Village B,Street 3
P1272,Village B,Street 3
P1273,Village B,Street 3
P1274,Village B,Street 3
P1275,Village B,Street 3
P1276,Village B,Street 3
P1277,Village B,Street 3
P1278,Village B,Street 3
P1279,Village B,Street 3
P1280,Village B,Street 3
P1281,Village B,Street 3
P1282,Village B,Street 3
P1283,Village B,Street 3
P1284,Village B,Street 3
P1285,Village B,Street 3
P1286,Village B,Street 3
P1287,Village B,Street 3
P1288,Village B,Street 3
P1289,Village B,Street 3
P1290,Village B,Street 3
P1291,Village B,Street 3
P1292,Village B,Street 3
P1293,Village B,Street 3
P1294,Village B,Street 3
P1295,Village B,Street 3
P1296,Village B,Street 3
P1297,Village B,Street 3
P1298,Village B,Street 3
P1299,Village B,Street 3
P1300,Village B,Street 3
P1301,Village B,Street 3
P1302,Village B,Street 3
P1303,Village B,Street 3
P1304,Village B,Street 3
P1305,Village B,Street 3
P1306,Village B,Street 3
P1307,Village B,Street 3
P1308,Village B,Street 3
P1309,Village B,Street 3
P1310,Village B,Street 3
P1311,Village B,Street 3
P1312,Village B,Street 3
P1313,Village B,Street 3
P1314,Village B,Street 3
P1315,Village B,Street 3
P1316,Village B,Street 3
P1317,Village B,Street 3
P1318,Village B,Street 3
P1319,Village B,Street 3
P1320,Village B,Street 3
P1321,Village B,Street 3
P1322,Village B,Street 3
P1323,Village B,Street 3
P1324,Village B,Street 3
P1325,Village B,Street 3
P1326,Village B,Street 3
P1327,Village B,Street 3
P1328,Village B,Street 3
P1329,Village B,Street 3
P1330,Village B,Street 3
P1331,Village B,Street 3
P1332,Village B,Street 3
P1333,Village B,Street 3
P1334,Village B,Street 3
P1335,Village B,Street 3
P1336,Village B,Street 3
P1337,Village B,Street 3
P1338,Village B,Street 3
P1339,Village B,Street 3
P1340,Village B,Street 3
P1341,Village B,Street 3
P1342,Village B,Street 3
P1343,Village B,Street 3
P1344,Village B,Street 3
P1345,Village B,Street 3
P1346,Village B,Street 3
P1347,Village B,Street 4
P1348,Village B,Street 4
P1349,Village B,Street 4
P1350,Village B,Street 4
P1351,Village B,Street 4
P1352,Village B,Street 4
P1353,Village B,Street 4
P1354,Village B,Street 4
P1355,Village B,Street 4
P1356,Village B,Street 4
P1357,Village B,Street 4
P1358,Village B,Street 4
P1359,Village B,Street 4
P1360,Village B,Street 4
P1361,Village B,Street 4
P1362,Village B,Street 4
P1363,Village B,Street 4
P1364,Village B,Street 4
P1365,Village B,Street 4
P1366,Village B,Street 4
P1367,Village B,Street 4
P1368,Village B,Street 4
P1369,Village B,Street 4
P1370,Village B,Street 4
P1371,Village B,Street 4
P1372,Village B,Street 4
P1373,Village B,Street 4
P1374,Village B,Street 4
P1375,Village B,Street 4
P1376,Village B,Street 4
P1377,Village B,Street 4
P1378,Village B,Street 4
P1379,Village B,Street 4
P1380,Village B,Street 4
P1381,Village B,Street 4
P1382,Village B,Street 4
P1383,Village B,Street 4
P1384,Village B,Street 4
P1385,Village B,Street 4
P1386,Village B,Street 4
P1387,Village B,Street 4
P1388,Village B,Street 4
P1389,Village B,Street 4
P1390,Village B,Street 4
P1391,Village B,Street 4
P1392,Village B,Street 4
P1393,Village B,Street 4
P1394,Village B,Street 4
P1395,Village B,Street 4
P1396,Village B,Street 4
P1397,Village B,Street 4
P1398,Village B,Street 4
P1399,Village B,Street 4
P1400,Village B,Street 4
P1401,Village B,Street 4
P1402,Village B,Street 4
P1403,Village B,Street 4
P1404,Village B,Street 4
P1405,Village B,Street 4
P1406,Village B,Street 4
P1407,Village B,Street 4
P1408,Village B,Street 4
P1409,Village B,Street 4
P1410,Village B,Street 4
P1411,Village B,Street 4
P1412,Village B,Street 4
P1413,Village B,Street 4
P1414,Village B,Street 4
P1415,Village B,Street 4
P1416,Village B,Street 4
P1417,Village B,Street 4
P1418,Village B,Street 4
P1419,Village B,Street 4
P1420,Village B,Street 4
P1421,Village B,Street 4
P1422,Village B,Street 4
P1423,Village B,Street 4
P1424,Village B,Street 4
P1425,Village B,Street 4
P1426,Village B,Street 4
P1427,Village B,Street 4
P1428,Village B,Street 4
P1429,Village B,Street 4
P1430,Village B,Street 4
P1431,Village B,Street 4
P1432,Village B,Street 4
P1433,Village B,Street 4
P1434,Village B,Street 4
P1435,Village B,Street 4
P1436,Village B,Street 4
P1437,Village B,Street 4
P1438,Village B,Street 4
P1439,Village B,Street 4
P1440,Village B,Street 4
P1441,Village B,Street 4
P1442,Village B,Street 4
P1443,Village B,Street 4
P1444,Village B,Street 4
P1445,Village B,Street 4
P1446,Village B,Street 4
P1447,Village B,Street 4
P1448,Village B,Street 4
P1449,Village B,Street 4
P1450,Village B,Street 4
P1451,Village B,Street 4
P1452,Village B,Street 4
P1453,Village B,Street 4
P1454,Village B,Street 4
P1455,Village B,Street 4
P1456,Village B,Street 4
P1457,Village B,Street 4
P1458,Village B,Street 4
P1459,Village B,Street 4
P1460,Village B,Street 4
P1461,Village B,Street 4
P1462,Village B,Street 4
P1463,Village B,Street 5
P1464,Village B,Street 5
P1465,Village B,Street 5
P1466,Village B,Street 5
P1467,Village B,Street 5
P1468,Village B,Street 5
P1469,Village B,Street 5
P1470,Village B,Street 5
P1471,Village B,Street 5
P1472,Village B,Street 5
P1473,Village B,Street 5
P1474,Village B,Street 5
P1475,Village B,Street 5
P1476,Village B,Street 5
P1477,Village B,Street 5
P1478,Village B,Street 5
P1479,Village B,Street 5
P1480,Village B,Street 5
P1481,Village B,Street 5
P1482,Village B,Street 5
P1483,Village B,Street 5
P1484,Village B,Street 5
P1485,Village B,Street 5
P1486,Village B,Street 5
P1487,Village B,Street 5
P1488,Village B,Street 5
P1489,Village B,Street 5
P1490,Village B,Street 5
P1491,Village B,Street 5
P1492,Village B,Street 5
P1493,Village B,Street 5
P1494,Village B,Street 5
P1495,Village B,Street 5
P1496,Village B,Street 5
P1497,Village B,Street 5
P1498,Village B,Street 5
P1499,Village B,Street 5
P1500,Village B,Street 5
P1501,Village B,Street 5
P1502,Village B,Street 5
P1503,Village B,Street 5
P1504,Village B,Street 5
P1505,Village B,Street 5
P1506,Village B,Street 5
P1507,Village B,Street 5
P1508,Village B,Street 5
P1509,Village B,Street 5
P1510,Village B,Street 5
P1511,Village B,Street 5
P1512,Village B,Street 5
P1513,Village B,Street 5
P1514,Village B,Street 5
P1515,Village B,Street 5
P1516,Village B,Street 5
P1517,Village B,Street 5
P1518,Village B,Street 5
P1519,Village B,Street 5
P1520,Village B,Street 5
P1521,Village B,Street 5
P1522,Village B,Street 5
P1523,Village B,Street 5
P1524,Village B,Street 5
P1525,Village B,Street 5
P1526,Village B,Street 5
P1527,Village B,Street 5
P1528,Village B,Street 5
P1529,Village B,Street 5
P1530,Village B,Street 5
P1531,Village B,Street 5
P1532,Village B,Street 5
P1533,Village B,Street 5
P1534,Village B,Street 5
P1535,Village B,Street 5
P1536,Village B,Street 5
P1537,Village B,Street 5
P1538,Village B,Street 5
P1539,Village B,Street 5
P1540,Village B,Street 5
P1541,Village B,Street 5
P1542,Village B,Street 5
P1543,Village B,Street 5
P1544,Village B,Street 5
P1545,Village B,Street 5
P1546,Village B,Street 5
P1547,Village B,Street 5
P1548,Village B,Street 5
P1549,Village B,Street 5
P1550,Village B,Street 5
P1551,Village B,Street 6
P1552,Village B,Street 6
P1553,Village B,Street 6
P1554,Village B,Street 6
P1555,Village B,Street 6
P1556,Village B,Street 6
P1557,Village B,Street 6
P1558,Village B,Street 6
P1559,Village B,Street 6
P1560,Village B,Street 6
P1561,Village B,Street 6
P1562,Village B,Street 6
P1563,Village B,Street 6
P1564,Village B,Street 6
P1565,Village B,Street 6
P1566,Village B,Street 6
P1567,Village B,Street 6
P1568,Village B,Street 6
P1569,Village B,Street 6
P1570,Village B,Street 6
P1571,Village B,Street 6
P1572,Village B,Street 6
P1573,Village B,Street 6
P1574,Village B,Street 6
P1575,Village B,Street 6
P1576,Village B,Street 6
P1577,Village B,Street 6
P1578,Village B,Street 6
P1579,Village B,Street 6
P1580,Village B,Street 6
P1581,Village B,Street 6
P1582,Village B,Street 6
P1583,Village B,Street 6
P1584,Village B,Street 6
P1585,Village B,Street 6
P1586,Village B,Street 6
P1587,Village B,Street 6
P1588,Village B,Street 6
P1589,Village B,Street 6
P1590,Village B,Street 6
P1591,Village B,Street 6
P1592,Village B,Street 6
P1593,Village B,Street 6
P1594,Village B,Street 6
P1595,Village B,Street 6
P1596,Village B,Street 6
P1597,Village B,Street 6
P1598,Village B,Street 6
P1599,Village B,Street 6
P1600,Village B,Street 6
P1601,Village B,Street 6
P1602,Village B,Street 6
P1603,Village B,Street 6
P1604,Village B,Street 6
P1605,Village B,Street 6
P1606,Village B,Street 6
P1607,Village B,Street 6
P1608,Village B,Street 6
P1609,Village B,Street 6
P1610,Village B,Street 6
P1611,Village B,Street 6
P1612,Village B,Street 6
P1613,Village B,Street 6
P1614,Village B,Street 6
P1615,Village B,Street 6
P1616,Village B,Street 6
P1617,Village B,Street 6
P1618,Village B,Street 6
P1619,Village B,Street 6
P1620,Village B,Street 6
P1621,Village B,Street 6
P1622,Village B,Street 6
P1623,Village B,Street 6
P1624,Village B,Street 6
P1625,Village B,Street 6
P1626,Village B,Street 6
P1627,Village B,Street 6
P1628,Village B,Street 6
P1629,Village B,Street 6
P1630,Village B,Street 6
P1631,Village B,Street 6
P1632,Village B,Street 6
P1633,Village B,Street 6
P1634,Village B,Street 6
P1635,Village B,Street 6
P1636,Village B,Street 6
P1637,Village B,Street 6
P1638,Village B,Street 6
P1639,Village B,Street 6
P1640,Village B,Street 6
P1641,Village B,Street 6
P1642,Village B,Street 6
P1643,Village B,Street 6
P1644,Village B,Street 6
P1645,Village B,Street 6
P1646,Village B,Street 6
P1647,Village B,Street 6
P1648,Village B,Street 6
P1649,Village B,Street 6
P1650,Village B,Street 6
P1651,Village B,Street 6
P1652,Village B,Street 6
P1653,Village B,Street 6
P1654,Village B,Street 6
P1655,Village B,Street 6
P1656,Village B,Street 6
P1657,Village B,Street 7
P1658,Village B,Street 7
P1659,Village B,Street 7
P1660,Village B,Street 7
P1661,Village B,Street 7
P1662,Village B,Street 7
P1663,Village B,Street 7
P1664,Village B,Street 7
P1665,Village B,Street 7
P1666,Village B,Street 7
P1667,Village B,Street 7
P1668,Village B,Street 7
P1669,Village B,Street 7
P1670,Village B,Street 7
P1671,Village B,Street 7
P1672,Village B,Street 7
P1673,Village B,Street 7
P1674,Village B,Street 7
P1675,Village B,Street 7
P1676,Village B,Street 7
P1677,Village B,Street 7
P1678,Village B,Street 7
P1679,Village B,Street 7
P1680,Village B,Street 7
P1681,Village B,Street 7
P1682,Village B,Street 7
P1683,Village B,Street 7
P1684,Village B,Street 7
P1685,Village B,Street 7
P1686,Village B,Street 7
P1687,Village B,Street 7
P1688,Village B,Street 7
P1689,Village B,Street 7
P1690,Village B,Street 7
P1691,Village B,Street 7
P1692,Village B,Street 7
P1693,Village B,Street 7
P1694,Village B,Street 7
P1695,Village B,Street 7
P1696,Village B,Street 7
P1697,Village B,Street 7
P1698,Village B,Street 7
P1699,Village B,Street 7
P1700,Village B,Street 7
P1701,Village B,Street 7
P1702,Village B,Street 7
P1703,Village B,Street 7
P1704,Village B,Street 7
P1705,Village B,Street 7
P1706,Village B,Street 7
P1707,Village B,Street 7
P1708,Village B,Street 7
P1709,Village B,Street 7
P1710,Village B,Street 7
P1711,Village B,Street 7
P1712,Village B,Street 7
P1713,Village B,Street 7
P1714,Village B,Street 7
P1715,Village B,Street 7
P1716,Village B,Street 7
P1717,Village B,Street 7
P1718,Village B,Street 7
P1719,Village B,Street 7
P1720,Village B,Street 7
P1721,Village B,Street 7
P1722,Village B,Street 7
P1723,Village B,Street 7
P1724,Village B,Street 7
P1725,Village B,Street 7
P1726,Village B,Street 7
P1727,Village B,Street 7
P1728,Village B,Street 7
P1729,Village B,Street 7
P1730,Village B,Street 7
P1731,Village B,Street 7
P1732,Village B,Street 7
P1733,Village B,Street 7
P1734,Village B,Street 7
P1735,Village B,Street 7
P1736,Village B,Street 7
P1737,Village B,Street 7
P1738,Village B,Street 7
P1739,Village B,Street 7
P1740,Village B,Street 7
P1741,Village B,Street 7
P1742,Village B,Street 7
P1743,Village B,Street 7
P1744,Village B,Street 7
P1745,Village B,Street 7
P1746,Village B,Street 7
P1747,Village B,Street 7
P1748,Village B,Street 7
P1749,Village B,Street 7
P1750,Village B,Street 7
P1751,Village B,Street 7
P1752,Village B,Street 7
P1753,Village B,Street 7
P1754,Village B,Street 7
P1755,Village B,Street 7
P1756,Village B,Street 7
P1757,Village B,Street 7
P1758,Village B,Street 7
P1759,Village B,Street 7
P1760,Village B,Street 7
P1761,Village B,Street 7
P1762,Village B,Street 7
P1763,Village B,Street 7
P1764,Village B,Street 7
P1765,Village B,Street 7
P1766,Village B,Street 7
P1767,Village B,Street 7
P1768,Village B,Street 7
P1769,Village B,Street 7
P1770,Village B,Street 7
P1771,Village B,Street 8
P1772,Village B,Street 8
P1773,Village B,Street 8
P1774,Village B,Street 8
P1775,Village B,Street 8
P1776,Village B,Street 8
P1777,Village B,Street 8
P1778,Village B,Street 8
P1779,Village B,Street 8
P1780,Village B,Street 8
P1781,Village B,Street 8
P1782,Village B,Street 8
P1783,Village B,Street 8
P1784,Village B,Street 8
P1785,Village B,Street 8
P1786,Village B,Street 8
P1787,Village B,Street 8
P1788,Village B,Street 8
P1789,Village B,Street 8
P1790,Village B,Street 8
P1791,Village B,Street 8
P1792,Village B,Street 8
P1793,Village B,Street 8
P1794,Village B,Street 8
P1795,Village B,Street 8
P1796,Village B,Street 8
P1797,Village B,Street 8
P1798,Village B,Street 8
P1799,Village B,Street 8
P1800,Village B,Street 8
P1801,Village B,Street 8
P1802,Village B,Street 8
P1803,Village B,Street 8
P1804,Village B,Street 8
P1805,Village B,Street 8
P1806,Village B,Street 8
P1807,Village B,Street 8
P1808,Village B,Street 8
P1809,Village B,Street 8
P1810,Village B,Street 8
P1811,Village B,Street 8
P1812,Village B,Street 8
P1813,Village B,Street 8
P1814,Village B,Street 8
P1815,Village B,Street 8
P1816,Village B,Street 8
P1817,Village B,Street 8
P1818,Village B,Street 8
P1819,Village B,Street 8
P1820,Village B,Street 8
P1821,Village B,Street 8
P1822,Village B,Street 8
P1823,Village B,Street 8
P1824,Village B,Street 8
P1825,Village B,Street 8
P1826,Village B,Street 8
P1827,Village B,Street 8
P1828,Village B,Street 8
P1829,Village B,Street 8
P1830,Village B,Street 8
P1831,Village B,Street 8
P1832,Village B,Street 8
P1833,Village B,Street 8
P1834,Village B,Street 8
P1835,Village B,Street 8
P1836,Village B,Street 8
P1837,Village B,Street 8
P1838,Village B,Street 8
P1839,Village B,Street 8
P1840,Village B,Street 8
P1841,Village B,Street 8
P1842,Village B,Street 8
P1843,Village B,Street 8
P1844,Village B,Street 8
P1845,Village B,Street 8
P1846,Village B,Street 8
P1847,Village B,Street 8
P1848,Village B,Street 8
P1849,Village B,Street 8
P1850,Village B,Street 8
P1851,Village B,Street 8
P1852,Village B,Street 8
P1853,Village B,Street 8
P1854,Village B,Street 8
P1855,Village B,Street 8
P1856,Village B,Street 8
P1857,Village B,Street 8
P1858,Village B,Street 8
P1859,Village B,Street 8
P1860,Village B,Street 8
P1861,Village B,Street 8
P1862,Village B,Street 8
P1863,Village B,Street 8
P1864,Village B,Street 8
P1865,Village B,Street 8
P1866,Village B,Street 8
P1867,Village B,Street 8
P1868,Village B,Street 8
P1869,Village B,Street 8
P1870,Village B,Street 8
P1871,Village B,Street 8
P1872,Village B,Street 8
P1873,Village B,Street 8
P1874,Village B,Street 8
P1875,Village B,Street 8
P1876,Village B,Street 8
P1877,Village B,Street 8
P1878,Village B,Street 8
P1879,Village B,Street 8
P1880,Village B,Street 8
P1881,Village B,Street 8
P1882,Village B,Street 8
P1883,Village B,Street 8
P1884,Village B,Street 8
P1885,Village B,Street 8
P1886,Village B,Street 8
P1887,Village B,Street 8
P1888,Village B,Street 8
P1889,Village B,Street 8
P1890,Village B,Street 8
P1891,Village B,Street 8
P1892,Village B,Street 8
P1893,Village B,Street 8
P1894,Village B,Street 8
P1895,Village B,Street 8
P1896,Village B,Street 8
P1897,Village B,Street 8
P1898,Village B,Street 8
P1899,Village B,Street 8
P1900,Village B,Street 8
P1901,Village B,Street 8
P1902,Village B,Street 8
P1903,Village B,Street 8
P1904,Village B,Street 8
P1905,Village B,Street 8
P1906,Village B,Street 8
P1907,Village B,Street 8
P1908,Village B,Street 8
P1909,Village B,Street 8
P1910,Village B,Street 8
P1911,Village B,Street 8
P1912,Village B,Street 8
P1913,Village B,Street 9
P1914,Village B,Street 9
P1915,Village B,Street 9
P1916,Village B,Street 9
P1917,Village B,Street 9
P1918,Village B,Street 9
P1919,Village B,Street 9
P1920,Village B,Street 9
P1921,Village B,Street 9
P1922,Village B,Street 9
P1923,Village B,Street 9
P1924,Village B,Street 9
P1925,Village B,Street 9
P1926,Village B,Street 9
P1927,Village B,Street 9
P1928,Village B,Street 9
P1929,Village B,Street 9
P1930,Village B,Street 9
P1931,Village B,Street 9
P1932,Village B,Street 9
P1933,Village B,Street 9
P1934,Village B,Street 9
P1935,Village B,Street 9
P1936,Village B,Street 9
P1937,Village B,Street 9
P1938,Village B,Street 9
P1939,Village B,Street 9
P1940,Village B,Street 9
P1941,Village B,Street 9
P1942,Village B,Street 9
P1943,Village B,Street 9
P1944,Village B,Street 9
P1945,Village B,Street 9
P1946,Village B,Street 9
P1947,Village B,Street 9
P1948,Village B,Street 9
P1949,Village B,Street 9
P1950,Village B,Street 9
P1951,Village B,Street 9
P1952,Village B,Street 9
P1953,Village B,Street 9
P1954,Village B,Street 9
P1955,Village B,Street 9
P1956,Village B,Street 9
P1957,Village B,Street 9
P1958,Village B,Street 9
P1959,Village B,Street 9
P1960,Village B,Street 9
P1961,Village B,Street 9
P1962,Village B,Street 9
P1963,Village B,Street 9
P1964,Village B,Street 9
P1965,Village B,Street 9
P1966,Village B,Street 9
P1967,Village B,Street 9
P1968,Village B,Street 9
P1969,Village B,Street 9
P1970,Village B,Street 9
P1971,Village B,Street 9
P1972,Village B,Street 9
P1973,Village B,Street 9
P1974,Village B,Street 9
P1975,Village B,Street 9
P1976,Village B,Street 9
P1977,Village B,Street 9
P1978,Village B,Street 9
P1979,Village B,Street 9
P1980,Village B,Street 9
P1981,Village B,Street 9
P1982,Village B,Street 9
P1983,Village B,Street 9
P1984,Village B,Street 9
P1985,Village B,Street 9
P1986,Village B,Street 9
P1987,Village B,Street 9
P1988,Village B,Street 9
P1989,Village B,Street 9
P1990,Village B,Street 9
P1991,Village B,Street 9
P1992,Village B,Street 9
P1993,Village B,Street 9
P1994,Village B,Street 9
P1995,Village B,Street 9
P1996,Village B,Street 9
P1997,Village B,Street 9
P1998,Village B,Street 9
P1999,Village B,Street 9
P2000,Village B,Street 9
P2001,Village C,Street 1
P2002,Village C,Street 1
P2003,Village C,Street 1
P2004,Village C,Street 1
P2005,Village C,Street 1
P2006,Village C,Street 1
P2007,Village C,Street 1
P2008,Village C,Street 1
P2009,Village C,Street 1
P2010,Village C,Street 1
P2011,Village C,Street 1
P2012,Village C,Street 1
P2013,Village C,Street 1
P2014,Village C,Street 1
P2015,Village C,Street 1
P2016,Village C,Street 1
P2017,Village C,Street 1
P2018,Village C,Street 1
P2019,Village C,Street 1
P2020,Village C,Street 1
P2021,Village C,Street 1
P2022,Village C,Street 1
P2023,Village C,Street 1
P2024,Village C,Street 1
P2025,Village C,Street 1
P2026,Village C,Street 1
P2027,Village C,Street 1
P2028,Village C,Street 1
P2029,Village C,Street 1
P2030,Village C,Street 1
P2031,Village C,Street 1
P2032,Village C,Street 1
P2033,Village C,Street 1
P2034,Village C,Street 1
P2035,Village C,Street 1
P2036,Village C,Street 1
P2037,Village C,Street 1
P2038,Village C,Street 1
P2039,Village C,Street 1
P2040,Village C,Street 1
P2041,Village C,Street 1
P2042,Village C,Street 1
P2043,Village C,Street 1
P2044,Village C,Street 1
P2045,Village C,Street 1
P2046,Village C,Street 1
P2047,Village C,Street 1
P2048,Village C,Street 1
P2049,Village C,Street 1
P2050,Village C,Street 1
P2051,Village C,Street 1
P2052,Village C,Street 1
P2053,Village C,Street 1
P2054,Village C,Street 1
P2055,Village C,Street 1
P2056,Village C,Street 1
P2057,Village C,Street 1
P2058,Village C,Street 1
P2059,Village C,Street 1
P2060,Village C,Street 1
P2061,Village C,Street 1
P2062,Village C,Street 1
P2063,Village C,Street 1
P2064,Village C,Street 1
P2065,Village C,Street 1
P2066,Village C,Street 1
P2067,Village C,Street 1
P2068,Village C,Street 1
P2069,Village C,Street 1
P2070,Village C,Street 1
P2071,Village C,Street 1
P2072,Village C,Street 1
P2073,Village C,Street 1
P2074,Village C,Street 1
P2075,Village C,Street 1
P2076,Village C,Street 1
P2077,Village C,Street 1
P2078,Village C,Street 1
P2079,Village C,Street 1
P2080,Village C,Street 1
P2081,Village C,Street 1
P2082,Village C,Street 1
P2083,Village C,Street 1
P2084,Village C,Street 1
P2085,Village C,Street 1
P2086,Village C,Street 1
P2087,Village C,Street 1
P2088,Village C,Street 1
P2089,Village C,Street 1
P2090,Village C,Street 1
P2091,Village C,Street 1
P2092,Village C,Street 1
P2093,Village C,Street 1
P2094,Village C,Street 1
P2095,Village C,Street 1
P2096,Village C,Street 1
P2097,Village C,Street 1
P2098,Village C,Street 1
P2099,Village C,Street 1
P2100,Village C,Street 1
P2101,Village C,Street 2
P2102,Village C,Street 2
P2103,Village C,Street 2
P2104,Village C,Street 2
P2105,Village C,Street 2
P2106,Village C,Street 2
P2107,Village C,Street 2
P2108,Village C,Street 2
P2109,Village C,Street 2
P2110,Village C,Street 2
P2111,Village C,Street 2
P2112,Village C,Street 2
P2113,Village C,Street 2
P2114,Village C,Street 2
P2115,Village C,Street 2
P2116,Village C,Street 2
P2117,Village C,Street 2
P2118,Village C,Street 2
P2119,Village C,Street 2
P2120,Village C,Street 2
P2121,Village C,Street 2
P2122,Village C,Street 2
P2123,Village C,Street 2
P2124,Village C,Street 2
P2125,Village C,Street 2
P2126,Village C,Street 2
P2127,Village C,Street 2
P2128,Village C,Street 2
P2129,Village C,Street 2
P2130,Village C,Street 2
P2131,Village C,Street 2
P2132,Village C,Street 2
P2133,Village C,Street 2
P2134,Village C,Street 2
P2135,Village C,Street 2
P2136,Village C,Street 2
P2137,Village C,Street 2
P2138,Village C,Street 2
P2139,Village C,Street 2
P2140,Village C,Street 2
P2141,Village C,Street 2
P2142,Village C,Street 2
P2143,Village C,Street 2
P2144,Village C,Street 2
P2145,Village C,Street 2
P2146,Village C,Street 2
P2147,Village C,Street 2
P2148,Village C,Street 2
P2149,Village C,Street 2
P2150,Village C,Street 2
P2151,Village C,Street 2
P2152,Village C,Street 2
P2153,Village C,Street 2
P2154,Village C,Street 2
P2155,Village C,Street 2
P2156,Village C,Street 2
P2157,Village C,Street 2
P2158,Village C,Street 2
P2159,Village C,Street 2
P2160,Village C,Street 2
P2161,Village C,Street 2
P2162,Village C,Street 2
P2163,Village C,Street 2
P2164,Village C,Street 2
P2165,Village C,Street 2
P2166,Village C,Street 2
P2167,Village C,Street 2
P2168,Village C,Street 2
P2169,Village C,Street 2
P2170,Village C,Street 2
P2171,Village C,Street 2
P2172,Village C,Street 2
P2173,Village C,Street 2
P2174,Village C,Street 2
P2175,Village C,Street 2
P2176,Village C,Street 2
P2177,Village C,Street 2
P2178,Village C,Street 2
P2179,Village C,Street 2
P2180,Village C,Street 2
P2181,Village C,Street 2
P2182,Village C,Street 2
P2183,Village C,Street 2
P2184,Village C,Street 2
P2185,Village C,Street 2
P2186,Village C,Street 2
P2187,Village C,Street 2
P2188,Village C,Street 2
P2189,Village C,Street 2
P2190,Village C,Street 2
P2191,Village C,Street 2
P2192,Village C,Street 2
P2193,Village C,Street 2
P2194,Village C,Street 2
P2195,Village C,Street 2
P2196,Village C,Street 2
P2197,Village C,Street 2
P2198,Village C,Street 2
P2199,Village C,Street 2
P2200,Village C,Street 2
P2201,Village C,Street 2
P2202,Village C,Street 2
P2203,Village C,Street 2
P2204,Village C,Street 2
P2205,Village C,Street 2
P2206,Village C,Street 2
P2207,Village C,Street 2
P2208,Village C,Street 2
P2209,Village C,Street 2
P2210,Village C,Street 2
P2211,Village C,Street 2
P2212,Village C,Street 2
P2213,Village C,Street 2
P2214,Village C,Street 2
P2215,Village C,Street 2
P2216,Village C,Street 2
P2217,Village C,Street 2
P2218,Village C,Street 2
P2219,Village C,Street 3
P2220,Village C,Street 3
P2221,Village C,Street 3
P2222,Village C,Street 3
P2223,Village C,Street 3
P2224,Village C,Street 3
P2225,Village C,Street 3
P2226,Village C,Street 3
P2227,Village C,Street 3
P2228,Village C,Street 3
P2229,Village C,Street 3
P2230,Village C,Street 3
P2231,Village C,Street 3
P2232,Village C,Street 3
P2233,Village C,Street 3
P2234,Village C,Street 3
P2235,Village C,Street 3
P2236,Village C,Street 3
P2237,Village C,Street 3
P2238,Village C,Street 3
P2239,Village C,Street 3
P2240,Village C,Street 3
P2241,Village C,Street 3
P2242,Village C,Street 3
P2243,Village C,Street 3
P2244,Village C,Street 3
P2245,Village C,Street 3
P2246,Village C,Street 3
P2247,Village C,Street 3
P2248,Village C,Street 3
P2249,Village C,Street 3
P2250,Village C,Street 3
P2251,Village C,Street 3
P2252,Village C,Street 3
P2253,Village C,Street 3
P2254,Village C,Street 3
P2255,Village C,Street 3
P2256,Village C,Street 3
P2257,Village C,Street 3
P2258,Village C,Street 3
P2259,Village C,Street 3
P2260,Village C,Street 3
P2261,Village C,Street 3
P2262,Village C,Street 3
P2263,Village C,Street 3
P2264,Village C,Street 3
P2265,Village C,Street 3
P2266,Village C,Street 3
P2267,Village C,Street 3
P2268,Village C,Street 3
P2269,Village C,Street 3
P2270,Village C,Street 3
P2271,Village C,Street 3
P2272,Village C,Street 3
P2273,Village C,Street 3
P2274,Village C,Street 3
P2275,Village C,Street 3
P2276,Village C,Street 3
P2277,Village C,Street 3
P2278,Village C,Street 3
P2279,Village C,Street 3
P2280,Village C,Street 3
P2281,Village C,Street 3
P2282,Village C,Street 3
P2283,Village C,Street 3
P2284,Village C,Street 3
P2285,Village C,Street 3
P2286,Village C,Street 3
P2287,Village C,Street 3
P2288,Village C,Street 3
P2289,Village C,Street 3
P2290,Village C,Street 3
P2291,Village C,Street 3
P2292,Village C,Street 3
P2293,Village C,Street 3
P2294,Village C,Street 3
P2295,Village C,Street 3
P2296,Village C,Street 3
P2297,Village C,Street 3
P2298,Village C,Street 3
P2299,Village C,Street 3
P2300,Village C,Street 3
P2301,Village C,Street 3
P2302,Village C,Street 3
P2303,Village C,Street 3
P2304,Village C,Street 3
P2305,Village C,Street 3
P2306,Village C,Street 3
P2307,Village C,Street 3
P2308,Village C,Street 3
P2309,Village C,Street 3
P2310,Village C,Street 3
P2311,Village C,Street 3
P2312,Village C,Street 3
P2313,Village C,Street 3
P2314,Village C,Street 3
P2315,Village C,Street 3
P2316,Village C,Street 3
P2317,Village C,Street 3
P2318,Village C,Street 3
P2319,Village C,Street 3
P2320,Village C,Street 3
P2321,Village C,Street 3
P2322,Village C,Street 3
P2323,Village C,Street 3
P2324,Village C,Street 3
P2325,Village C,Street 3
P2326,Village C,Street 3
P2327,Village C,Street 3
P2328,Village C,Street 3
P2329,Village C,Street 3
P2330,Village C,Street 3
P2331,Village C,Street 3
P2332,Village C,Street 3
P2333,Village C,Street 3
P2334,Village C,Street 3
P2335,Village C,Street 3
P2336,Village C,Street 3
P2337,Village C,Street 3
P2338,Village C,Street 3
P2339,Village C,Street 3
P2340,Village C,Street 4
P2341,Village C,Street 4
P2342,Village C,Street 4
P2343,Village C,Street 4
P2344,Village C,Street 4
P2345,Village C,Street 4
P2346,Village C,Street 4
P2347,Village C,Street 4
P2348,Village C,Street 4
P2349,Village C,Street 4
P2350,Village C,Street 4
P2351,Village C,Street 4
P2352,Village C,Street 4
P2353,Village C,Street 4
P2354,Village C,Street 4
P2355,Village C,Street 4
P2356,Village C,Street 4
P2357,Village C,Street 4
P2358,Village C,Street 4
P2359,Village C,Street 4
P2360,Village C,Street 4
P2361,Village C,Street 4
P2362,Village C,Street 4
P2363,Village C,Street 4
P2364,Village C,Street 4
P2365,Village C,Street 4
P2366,Village C,Street 4
P2367,Village C,Street 4
P2368,Village C,Street 4
P2369,Village C,Street 4
P2370,Village C,Street 4
P2371,Village C,Street 4
P2372,Village C,Street 4
P2373,Village C,Street 4
P2374,Village C,Street 4
P2375,Village C,Street 4
P2376,Village C,Street 4
P2377,Village C,Street 4
P2378,Village C,Street 4
P2379,Village C,Street 4
P2380,Village C,Street 4
P2381,Village C,Street 4
P2382,Village C,Street 4
P2383,Village C,Street 4
P2384,Village C,Street 4
P2385,Village C,Street 4
P2386,Village C,Street 4
P2387,Village C,Street 4
P2388,Village C,Street 4
P2389,Village C,Street 4
P2390,Village C,Street 4
P2391,Village C,Street 4
P2392,Village C,Street 4
P2393,Village C,Street 4
P2394,Village C,Street 4
P2395,Village C,Street 4
P2396,Village C,Street 4
P2397,Village C,Street 4
P2398,Village C,Street 4
P2399,Village C,Street 4
P2400,Village C,Street 4
P2401,Village C,Street 4
P2402,Village C,Street 4
P2403,Village C,Street 4
P2404,Village C,Street 4
P2405,Village C,Street 4
P2406,Village C,Street 4
P2407,Village C,Street 4
P2408,Village C,Street 4
P2409,Village C,Street 4
P2410,Village C,Street 4
P2411,Village C,Street 4
P2412,Village C,Street 4
P2413,Village C,Street 4
P2414,Village C,Street 4
P2415,Village C,Street 4
P2416,Village C,Street 4
P2417,Village C,Street 4
P2418,Village C,Street 4
P2419,Village C,Street 4
P2420,Village C,Street 4
P2421,Village C,Street 4
P2422,Village C,Street 4
P2423,Village C,Street 4
P2424,Village C,Street 4
P2425,Village C,Street 4
P2426,Village C,Street 4
P2427,Village C,Street 4
P2428,Village C,Street 4
P2429,Village C,Street 4
P2430,Village C,Street 4
P2431,Village C,Street 4
P2432,Village C,Street 4
P2433,Village C,Street 4
P2434,Village C,Street 4
P2435,Village C,Street 4
P2436,Village C,Street 4
P2437,Village C,Street 4
P2438,Village C,Street 4
P2439,Village C,Street 4
P2440,Village C,Street 4
P2441,Village C,Street 4
P2442,Village C,Street 4
P2443,Village C,Street 4
P2444,Village C,Street 4
P2445,Village C,Street 4
P2446,Village C,Street 4
P2447,Village C,Street 4
P2448,Village C,Street 4
P2449,Village C,Street 5
P2450,Village C,Street 5
P2451,Village C,Street 5
P2452,Village C,Street 5
P2453,Village C,Street 5
P2454,Village C,Street 5
P2455,Village C,Street 5
P2456,Village C,Street 5
P2457,Village C,Street 5
P2458,Village C,Street 5
P2459,Village C,Street 5
P2460,Village C,Street 5
P2461,Village C,Street 5
P2462,Village C,Street 5
P2463,Village C,Street 5
P2464,Village C,Street 5
P2465,Village C,Street 5
P2466,Village C,Street 5
P2467,Village C,Street 5
P2468,Village C,Street 5
P2469,Village C,Street 5
P2470,Village C,Street 5
P2471,Village C,Street 5
P2472,Village C,Street 5
P2473,Village C,Street 5
P2474,Village C,Street 5
P2475,Village C,Street 5
P2476,Village C,Street 5
P2477,Village C,Street 5
P2478,Village C,Street 5
P2479,Village C,Street 5
P2480,Village C,Street 5
P2481,Village C,Street 5
P2482,Village C,Street 5
P2483,Village C,Street 5
P2484,Village C,Street 5
P2485,Village C,Street 5
P2486,Village C,Street 5
P2487,Village C,Street 5
P2488,Village C,Street 5
P2489,Village C,Street 5
P2490,Village C,Street 5
P2491,Village C,Street 5
P2492,Village C,Street 5
P2493,Village C,Street 5
P2494,Village C,Street 5
P2495,Village C,Street 5
P2496,Village C,Street 5
P2497,Village C,Street 5
P2498,Village C,Street 5
P2499,Village C,Street 5
P2500,Village C,Street 5
P2501,Village C,Street 5
P2502,Village C,Street 5
P2503,Village C,Street 5
P2504,Village C,Street 5
P2505,Village C,Street 5
P2506,Village C,Street 5
P2507,Village C,Street 5
P2508,Village C,Street 5
P2509,Village C,Street 5
P2510,Village C,Street 5
P2511,Village C,Street 5
P2512,Village C,Street 5
P2513,Village C,Street 5
P2514,Village C,Street 5
P2515,Village C,Street 5
P2516,Village C,Street 5
P2517,Village C,Street 5
P2518,Village C,Street 5
P2519,Village C,Street 5
P2520,Village C,Street 5
P2521,Village C,Street 5
P2522,Village C,Street 5
P2523,Village C,Street 5
P2524,Village C,Street 5
P2525,Village C,Street 5
P2526,Village C,Street 5
P2527,Village C,Street 5
P2528,Village C,Street 5
P2529,Village C,Street 5
P2530,Village C,Street 5
P2531,Village C,Street 5
P2532,Village C,Street 5
P2533,Village C,Street 5
P2534,Village C,Street 5
P2535,Village C,Street 5
P2536,Village C,Street 5
P2537,Village C,Street 5
P2538,Village C,Street 5
P2539,Village C,Street 5
P2540,Village C,Street 5
P2541,Village C,Street 5
P2542,Village C,Street 5
P2543,Village C,Street 5
P2544,Village C,Street 5
P2545,Village C,Street 5
P2546,Village C,Street 5
P2547,Village C,Street 5
P2548,Village C,Street 5
P2549,Village C,Street 5
P2550,Village C,Street 5
P2551,Village C,Street 5
P2552,Village C,Street 5
P2553,Village C,Street 5
P2554,Village C,Street 5
P2555,Village C,Street 5
P2556,Village C,Street 5
P2557,Village C,Street 5
P2558,Village C,Street 5
P2559,Village C,Street 5
P2560,Village C,Street 6
P2561,Village C,Street 6
P2562,Village C,Street 6
P2563,Village C,Street 6
P2564,Village C,Street 6
P2565,Village C,Street 6
P2566,Village C,Street 6
P2567,Village C,Street 6
P2568,Village C,Street 6
P2569,Village C,Street 6
P2570,Village C,Street 6
P2571,Village C,Street 6
P2572,Village C,Street 6
P2573,Village C,Street 6
P2574,Village C,Street 6
P2575,Village C,Street 6
P2576,Village C,Street 6
P2577,Village C,Street 6
P2578,Village C,Street 6
P2579,Village C,Street 6
P2580,Village C,Street 6
P2581,Village C,Street 6
P2582,Village C,Street 6
P2583,Village C,Street 6
P2584,Village C,Street 6
P2585,Village C,Street 6
P2586,Village C,Street 6
P2587,Village C,Street 6
P2588,Village C,Street 6
P2589,Village C,Street 6
P2590,Village C,Street 6
P2591,Village C,Street 6
P2592,Village C,Street 6
P2593,Village C,Street 6
P2594,Village C,Street 6
P2595,Village C,Street 6
P2596,Village C,Street 6
P2597,Village C,Street 6
P2598,Village C,Street 6
P2599,Village C,Street 6
P2600,Village C,Street 6
P2601,Village C,Street 6
P2602,Village C,Street 6
P2603,Village C,Street 6
P2604,Village C,Street 6
P2605,Village C,Street 6
P2606,Village C,Street 6
P2607,Village C,Street 6
P2608,Village C,Street 6
P2609,Village C,Street 6
P2610,Village C,Street 6
P2611,Village C,Street 6
P2612,Village C,Street 6
P2613,Village C,Street 6
P2614,Village C,Street 6
P2615,Village C,Street 6
P2616,Village C,Street 6
P2617,Village C,Street 6
P2618,Village C,Street 6
P2619,Village C,Street 6
P2620,Village C,Street 6
P2621,Village C,Street 6
P2622,Village C,Street 6
P2623,Village C,Street 6
P2624,Village C,Street 6
P2625,Village C,Street 6
P2626,Village C,Street 6
P2627,Village C,Street 6
P2628,Village C,Street 6
P2629,Village C,Street 7
P2630,Village C,Street 7
P2631,Village C,Street 7
P2632,Village C,Street 7
P2633,Village C,Street 7
P2634,Village C,Street 7
P2635,Village C,Street 7
P2636,Village C,Street 7
P2637,Village C,Street 7
P2638,Village C,Street 7
P2639,Village C,Street 7
P2640,Village C,Street 7
P2641,Village C,Street 7
P2642,Village C,Street 7
P2643,Village C,Street 7
P2644,Village C,Street 7
P2645,Village C,Street 7
P2646,Village C,Street 7
P2647,Village C,Street 7
P2648,Village C,Street 7
P2649,Village C,Street 7
P2650,Village C,Street 7
P2651,Village C,Street 7
P2652,Village C,Street 7
P2653,Village C,Street 7
P2654,Village C,Street 7
P2655,Village C,Street 7
P2656,Village C,Street 7
P2657,Village C,Street 7
P2658,Village C,Street 7
P2659,Village C,Street 7
P2660,Village C,Street 7
P2661,Village C,Street 7
P2662,Village C,Street 7
P2663,Village C,Street 7
P2664,Village C,Street 7
P2665,Village C,Street 7
P2666,Village C,Street 7
P2667,Village C,Street 7
P2668,Village C,Street 7
P2669,Village C,Street 7
P2670,Village C,Street 7
P2671,Village C,Street 7
P2672,Village C,Street 7
P2673,Village C,Street 7
P2674,Village C,Street 7
P2675,Village C,Street 7
P2676,Village C,Street 7
P2677,Village C,Street 7
P2678,Village C,Street 7
P2679,Village C,Street 7
P2680,Village C,Street 7
P2681,Village C,Street 7
P2682,Village C,Street 7
P2683,Village C,Street 7
P2684,Village C,Street 7
P2685,Village C,Street 7
P2686,Village C,Street 7
P2687,Village C,Street 7
P2688,Village C,Street 7
P2689,Village C,Street 7
P2690,Village C,Street 7
P2691,Village C,Street 7
P2692,Village C,Street 7
P2693,Village C,Street 7
P2694,Village C,Street 7
P2695,Village C,Street 7
P2696,Village C,Street 7
P2697,Village C,Street 7
P2698,Village C,Street 7
P2699,Village C,Street 7
P2700,Village C,Street 7
P2701,Village C,Street 7
P2702,Village C,Street 7
P2703,Village C,Street 7
P2704,Village C,Street 7
P2705,Village C,Street 7
P2706,Village C,Street 7
P2707,Village C,Street 7
P2708,Village C,Street 7
P2709,Village C,Street 7
P2710,Village C,Street 7
P2711,Village C,Street 7
P2712,Village C,Street 7
P2713,Village C,Street 7
P2714,Village C,Street 7
P2715,Village C,Street 7
P2716,Village C,Street 7
P2717,Village C,Street 7
P2718,Village C,Street 7
P2719,Village C,Street 7
P2720,Village C,Street 7
P2721,Village C,Street 7
P2722,Village C,Street 7
P2723,Village C,Street 7
P2724,Village C,Street 7
P2725,Village C,Street 7
P2726,Village C,Street 7
P2727,Village C,Street 7
P2728,Village C,Street 7
P2729,Village C,Street 7
P2730,Village C,Street 7
P2731,Village C,Street 7
P2732,Village C,Street 7
P2733,Village C,Street 7
P2734,Village C,Street 7
P2735,Village C,Street 7
P2736,Village C,Street 7
P2737,Village C,Street 7
P2738,Village C,Street 7
P2739,Village C,Street 7
P2740,Village C,Street 8
P2741,Village C,Street 8
P2742,Village C,Street 8
P2743,Village C,Street 8
P2744,Village C,Street 8
P2745,Village C,Street 8
P2746,Village C,Street 8
P2747,Village C,Street 8
P2748,Village C,Street 8
P2749,Village C,Street 8
P2750,Village C,Street 8
P2751,Village C,Street 8
P2752,Village C,Street 8
P2753,Village C,Street 8
P2754,Village C,Street 8
P2755,Village C,Street 8
P2756,Village C,Street 8
P2757,Village C,Street 8
P2758,Village C,Street 8
P2759,Village C,Street 8
P2760,Village C,Street 8
P2761,Village C,Street 8
P2762,Village C,Street 8
P2763,Village C,Street 8
P2764,Village C,Street 8
P2765,Village C,Street 8
P2766,Village C,Street 8
P2767,Village C,Street 8
P2768,Village C,Street 8
P2769,Village C,Street 8
P2770,Village C,Street 8
P2771,Village C,Street 8
P2772,Village C,Street 8
P2773,Village C,Street 8
P2774,Village C,Street 8
P2775,Village C,Street 8
P2776,Village C,Street 8
P2777,Village C,Street 8
P2778,Village C,Street 8
P2779,Village C,Street 8
P2780,Village C,Street 8
P2781,Village C,Street 8
P2782,Village C,Street 8
P2783,Village C,Street 8
P2784,Village C,Street 8
P2785,Village C,Street 8
P2786,Village C,Street 8
P2787,Village C,Street 8
P2788,Village C,Street 8
P2789,Village C,Street 8
P2790,Village C,Street 8
P2791,Village C,Street 8
P2792,Village C,Street 8
P2793,Village C,Street 8
P2794,Village C,Street 8
P2795,Village C,Street 8
P2796,Village C,Street 8
P2797,Village C,Street 8
P2798,Village C,Street 8
P2799,Village C,Street 8
P2800,Village C,Street 8
P2801,Village C,Street 8
P2802,Village C,Street 8
P2803,Village C,Street 8
P2804,Village C,Street 8
P2805,Village C,Street 8
P2806,Village C,Street 8
P2807,Village C,Street 8
P2808,Village C,Street 8
P2809,Village C,Street 8
P2810,Village C,Street 8
P2811,Village C,Street 8
P2812,Village C,Street 8
P2813,Village C,Street 8
P2814,Village C,Street 8
P2815,Village C,Street 8
P2816,Village C,Street 8
P2817,Village C,Street 8
P2818,Village C,Street 8
P2819,Village C,Street 8
P2820,Village C,Street 8
P2821,Village C,Street 8
P2822,Village C,Street 8
P2823,Village C,Street 9
P2824,Village C,Street 9
P2825,Village C,Street 9
P2826,Village C,Street 9
P2827,Village C,Street 9
P2828,Village C,Street 9
P2829,Village C,Street 9
P2830,Village C,Street 9
P2831,Village C,Street 9
P2832,Village C,Street 9
P2833,Village C,Street 9
P2834,Village C,Street 9
P2835,Village C,Street 9
P2836,Village C,Street 9
P2837,Village C,Street 9
P2838,Village C,Street 9
P2839,Village C,Street 9
P2840,Village C,Street 9
P2841,Village C,Street 9
P2842,Village C,Street 9
P2843,Village C,Street 9
P2844,Village C,Street 9
P2845,Village C,Street 9
P2846,Village C,Street 9
P2847,Village C,Street 9
P2848,Village C,Street 9
P2849,Village C,Street 9
P2850,Village C,Street 9
P2851,Village C,Street 9
P2852,Village C,Street 9
P2853,Village C,Street 9
P2854,Village C,Street 9
P2855,Village C,Street 9
P2856,Village C,Street 9
P2857,Village C,Street 9
P2858,Village C,Street 9
P2859,Village C,Street 9
P2860,Village C,Street 9
P2861,Village C,Street 9
P2862,Village C,Street 9
P2863,Village C,Street 9
P2864,Village C,Street 9
P2865,Village C,Street 9
P2866,Village C,Street 9
P2867,Village C,Street 9
P2868,Village C,Street 9
P2869,Village C,Street 9
P2870,Village C,Street 9
P2871,Village C,Street 9
P2872,Village C,Street 9
P2873,Village C,Street 9
P2874,Village C,Street 9
P2875,Village C,Street 9
P2876,Village C,Street 9
P2877,Village C,Street 9
P2878,Village C,Street 9
P2879,Village C,Street 9
P2880,Village C,Street 9
P2881,Village C,Street 9
P2882,Village C,Street 9
P2883,Village C,Street 9
P2884,Village C,Street 9
P2885,Village C,Street 9
P2886,Village C,Street 9
P2887,Village C,Street 9
P2888,Village C,Street 9
P2889,Village C,Street 9
P2890,Village C,Street 9
P2891,Village C,Street 9
P2892,Village C,Street 9
P2893,Village C,Street 9
P2894,Village C,Street 9
P2895,Village C,Street 9
P2896,Village C,Street 9
P2897,Village C,Street 9
P2898,Village C,Street 9
P2899,Village C,Street 9
P2900,Village C,Street 9
P2901,Village C,Street 9
P2902,Village C,Street 9
P2903,Village C,Street 9
P2904,Village C,Street 9
P2905,Village C,Street 9
P2906,Village C,Street 9
P2907,Village C,Street 9
P2908,Village C,Street 9
P2909,Village C,Street 10
P2910,Village C,Street 10
P2911,Village C,Street 10
P2912,Village C,Street 10
P2913,Village C,Street 10
P2914,Village C,Street 10
P2915,Village C,Street 10
P2916,Village C,Street 10
P2917,Village C,Street 10
P2918,Village C,Street 10
P2919,Village C,Street 10
P2920,Village C,Street 10
P2921,Village C,Street 10
P2922,Village C,Street 10
P2923,Village C,Street 10
P2924,Village C,Street 10
P2925,Village C,Street 10
P2926,Village C,Street 10
P2927,Village C,Street 10
P2928,Village C,Street 10
P2929,Village C,Street 10
P2930,Village C,Street 10
P2931,Village C,Street 10
P2932,Village C,Street 10
P2933,Village C,Street 10
P2934,Village C,Street 10
P2935,Village C,Street 10
P2936,Village C,Street 10
P2937,Village C,Street 10
P2938,Village C,Street 10
P2939,Village C,Street 10
P2940,Village C,Street 10
P2941,Village C,Street 10
P2942,Village C,Street 10
P2943,Village C,Street 10
P2944,Village C,Street 10
P2945,Village C,Street 10
P2946,Village C,Street 10
P2947,Village C,Street 10
P2948,Village C,Street 10
P2949,Village C,Street 10
P2950,Village C,Street 10
P2951,Village C,Street 10
P2952,Village C,Street 10
P2953,Village C,Street 10
P2954,Village C,Street 10
P2955,Village C,Street 10
P2956,Village C,Street 10
P2957,Village C,Street 10
P2958,Village C,Street 10
P2959,Village C,Street 10
P2960,Village C,Street 10
P2961,Village C,Street 10
P2962,Village C,Street 10
P2963,Village C,Street 10
P2964,Village C,Street 10
P2965,Village C,Street 10
P2966,Village C,Street 10
P2967,Village C,Street 10
P2968,Village C,Street 10
P2969,Village C,Street 10
P2970,Village C,Street 10
P2971,Village C,Street 10
P2972,Village C,Street 10
P2973,Village C,Street 10
P2974,Village C,Street 10
P2975,Village C,Street 10
P2976,Village C,Street 10
P2977,Village C,Street 10
P2978,Village C,Street 10
P2979,Village C,Street 10
P2980,Village C,Street 10
P2981,Village C,Street 10
P2982,Village C,Street 10
P2983,Village C,Street 10
P2984,Village C,Street 10
P2985,Village C,Street 10
P2986,Village C,Street 10
P2987,Village C,Street 10
P2988,Village C,Street 10
P2989,Village C,Street 10
P2990,Village C,Street 10
P2991,Village C,Street 10
P2992,Village C,Street 10
P2993,Village C,Street 10
P2994,Village C,Street 10
P2995,Village C,Street 10
P2996,Village C,Street 10
P2997,Village C,Street 10
P2998,Village C,Street 10
P2999,Village C,Street 10
P3000,Village C,Street 10
